<ImportExportXml version="9.2.24094.228" SolutionPackageVersion="9.2" languagecode="1033" generatedBy="CrmLive" xmlns:xsi="http://www.w3.org/2001/XMLSchema-instance" OrganizationVersion="9.2.24094.228" OrganizationSchemaType="Full" CRMServerServiceabilityVersion="9.2.24094.00228">
  <SolutionManifest>
    <UniqueName>NGERFactorLibraryGeneration</UniqueName>
    <LocalizedNames>
      <LocalizedName description="NGER Factor Library Generation" languagecode="1033" />
    </LocalizedNames>
    <Descriptions />
    <Version>1.0.0.4</Version>
    <Managed>0</Managed>
    <Publisher>
      <UniqueName>DefaultPublishergokselmsmdev</UniqueName>
      <LocalizedNames>
        <LocalizedName description="Default Publisher for gokselmsmdev" languagecode="1033" />
      </LocalizedNames>
      <Descriptions>
        <Description description="Default publisher for this organization" languagecode="1033" />
      </Descriptions>
      <EMailAddress xsi:nil="true"></EMailAddress>
      <SupportingWebsiteUrl xsi:nil="true"></SupportingWebsiteUrl>
      <CustomizationPrefix>new</CustomizationPrefix>
      <CustomizationOptionValuePrefix>10000</CustomizationOptionValuePrefix>
      <Addresses>
        <Address>
          <AddressNumber>1</AddressNumber>
          <AddressTypeCode xsi:nil="true"></AddressTypeCode>
          <City xsi:nil="true"></City>
          <County xsi:nil="true"></County>
          <Country xsi:nil="true"></Country>
          <Fax xsi:nil="true"></Fax>
          <FreightTermsCode xsi:nil="true"></FreightTermsCode>
          <ImportSequenceNumber xsi:nil="true"></ImportSequenceNumber>
          <Latitude xsi:nil="true"></Latitude>
          <Line1 xsi:nil="true"></Line1>
          <Line2 xsi:nil="true"></Line2>
          <Line3 xsi:nil="true"></Line3>
          <Longitude xsi:nil="true"></Longitude>
          <Name xsi:nil="true"></Name>
          <PostalCode xsi:nil="true"></PostalCode>
          <PostOfficeBox xsi:nil="true"></PostOfficeBox>
          <PrimaryContactName xsi:nil="true"></PrimaryContactName>
          <ShippingMethodCode xsi:nil="true"></ShippingMethodCode>
          <StateOrProvince xsi:nil="true"></StateOrProvince>
          <Telephone1 xsi:nil="true"></Telephone1>
          <Telephone2 xsi:nil="true"></Telephone2>
          <Telephone3 xsi:nil="true"></Telephone3>
          <TimeZoneRuleVersionNumber xsi:nil="true"></TimeZoneRuleVersionNumber>
          <UPSZone xsi:nil="true"></UPSZone>
          <UTCOffset xsi:nil="true"></UTCOffset>
          <UTCConversionTimeZoneCode xsi:nil="true"></UTCConversionTimeZoneCode>
        </Address>
        <Address>
          <AddressNumber>2</AddressNumber>
          <AddressTypeCode xsi:nil="true"></AddressTypeCode>
          <City xsi:nil="true"></City>
          <County xsi:nil="true"></County>
          <Country xsi:nil="true"></Country>
          <Fax xsi:nil="true"></Fax>
          <FreightTermsCode xsi:nil="true"></FreightTermsCode>
          <ImportSequenceNumber xsi:nil="true"></ImportSequenceNumber>
          <Latitude xsi:nil="true"></Latitude>
          <Line1 xsi:nil="true"></Line1>
          <Line2 xsi:nil="true"></Line2>
          <Line3 xsi:nil="true"></Line3>
          <Longitude xsi:nil="true"></Longitude>
          <Name xsi:nil="true"></Name>
          <PostalCode xsi:nil="true"></PostalCode>
          <PostOfficeBox xsi:nil="true"></PostOfficeBox>
          <PrimaryContactName xsi:nil="true"></PrimaryContactName>
          <ShippingMethodCode xsi:nil="true"></ShippingMethodCode>
          <StateOrProvince xsi:nil="true"></StateOrProvince>
          <Telephone1 xsi:nil="true"></Telephone1>
          <Telephone2 xsi:nil="true"></Telephone2>
          <Telephone3 xsi:nil="true"></Telephone3>
          <TimeZoneRuleVersionNumber xsi:nil="true"></TimeZoneRuleVersionNumber>
          <UPSZone xsi:nil="true"></UPSZone>
          <UTCOffset xsi:nil="true"></UTCOffset>
          <UTCConversionTimeZoneCode xsi:nil="true"></UTCConversionTimeZoneCode>
        </Address>
      </Addresses>
    </Publisher>
    <RootComponents>
      <RootComponent type="29" id="{9758a4a8-d591-ef11-ac21-6045bddbb44d}" behavior="0" />
      <RootComponent type="29" id="{9d57030c-8b8c-ef11-ac21-7c1e521594b0}" behavior="0" />
      <RootComponent type="401" id="{1a9ee405-cf4b-48dd-99c9-b648740b7e3a}" behavior="0" />
      <RootComponent type="401" id="{6260dc36-a249-4dcf-9d21-75be4ff648bf}" behavior="0" />
    </RootComponents>
    <MissingDependencies>
      <MissingDependency>
        <Required type="1" schemaName="msdyn_calculationlibrary" displayName="Factor library" solution="msdyn_SustainabilitySharedDataModel (2.23.0.313)">
          <package>msdyn_SustainabilityPremiumAnchor (2.23.0.313)</package>
        </Required>
        <Dependent type="29" displayName="Generate Factor Library - EPA" id="{9758a4a8-d591-ef11-ac21-6045bddbb44d}" />
      </MissingDependency>
      <MissingDependency>
        <Required type="1" schemaName="msdyn_calculationlibrary" displayName="Factor library" solution="msdyn_SustainabilitySharedDataModel (2.23.0.313)">
          <package>msdyn_SustainabilityPremiumAnchor (2.23.0.313)</package>
        </Required>
        <Dependent type="29" displayName="Generate Factor Library from PDF Using AI Builder" id="{9d57030c-8b8c-ef11-ac21-7c1e521594b0}" />
      </MissingDependency>
      <MissingDependency>
        <Required type="1" schemaName="msdyn_emissionfactor" displayName="Emission factor" solution="msdyn_SustainabilitySharedDataModel (2.23.0.313)">
          <package>msdyn_SustainabilityPremiumAnchor (2.23.0.313)</package>
        </Required>
        <Dependent type="29" displayName="Generate Factor Library - EPA" id="{9758a4a8-d591-ef11-ac21-6045bddbb44d}" />
      </MissingDependency>
      <MissingDependency>
        <Required type="1" schemaName="msdyn_emissionfactor" displayName="Emission factor" solution="msdyn_SustainabilitySharedDataModel (2.23.0.313)">
          <package>msdyn_SustainabilityPremiumAnchor (2.23.0.313)</package>
        </Required>
        <Dependent type="29" displayName="Generate Factor Library from PDF Using AI Builder" id="{9d57030c-8b8c-ef11-ac21-7c1e521594b0}" />
      </MissingDependency>
      <MissingDependency>
        <Required type="1" schemaName="msdyn_emissionlookup" displayName="Factor mapping" solution="msdyn_SustainabilitySharedDataModel (2.23.0.313)">
          <package>msdyn_SustainabilityPremiumAnchor (2.23.0.313)</package>
        </Required>
        <Dependent type="29" displayName="Generate Factor Library - EPA" id="{9758a4a8-d591-ef11-ac21-6045bddbb44d}" />
      </MissingDependency>
      <MissingDependency>
        <Required type="1" schemaName="msdyn_sustainabilitymodule" displayName="Sustainability module" solution="msdyn_SustainabilitySharedDataModel (2.23.0.313)">
          <package>msdyn_SustainabilityPremiumAnchor (2.23.0.313)</package>
        </Required>
        <Dependent type="29" displayName="Generate Factor Library - EPA" id="{9758a4a8-d591-ef11-ac21-6045bddbb44d}" />
      </MissingDependency>
      <MissingDependency>
        <Required type="1" schemaName="msdyn_sustainabilitymodule" displayName="Sustainability module" solution="msdyn_SustainabilitySharedDataModel (2.23.0.313)">
          <package>msdyn_SustainabilityPremiumAnchor (2.23.0.313)</package>
        </Required>
        <Dependent type="29" displayName="Generate Factor Library from PDF Using AI Builder" id="{9d57030c-8b8c-ef11-ac21-7c1e521594b0}" />
      </MissingDependency>
      <MissingDependency>
        <Required type="1" schemaName="msdyn_unit" displayName="Unit" solution="msdyn_SustainabilitySharedDataModel (2.23.0.313)">
          <package>msdyn_SustainabilityPremiumAnchor (2.23.0.313)</package>
        </Required>
        <Dependent type="29" displayName="Generate Factor Library - EPA" id="{9758a4a8-d591-ef11-ac21-6045bddbb44d}" />
      </MissingDependency>
      <MissingDependency>
        <Required type="1" schemaName="msdyn_unit" displayName="Unit" solution="msdyn_SustainabilitySharedDataModel (2.23.0.313)">
          <package>msdyn_SustainabilityPremiumAnchor (2.23.0.313)</package>
        </Required>
        <Dependent type="29" displayName="Generate Factor Library from PDF Using AI Builder" id="{9d57030c-8b8c-ef11-ac21-7c1e521594b0}" />
      </MissingDependency>
    </MissingDependencies>
  </SolutionManifest>
</ImportExportXml>