{
  "properties": {
    "connectionReferences": {
      "shared_commondataserviceforapps": {
        "api": {
          "name": "shared_commondataserviceforapps"
        },
        "connection": {
          "connectionReferenceLogicalName": "new_sharedcommondataserviceforapps_9be5b"
        },
        "runtimeSource": "embedded"
      }
    },
    "definition": {
      "$schema": "https://schema.management.azure.com/providers/Microsoft.Logic/schemas/2016-06-01/workflowdefinition.json#",
      "contentVersion": "1.0.0.0",
      "parameters": {
        "$authentication": {
          "defaultValue": {},
          "type": "SecureObject"
        },
        "$connections": {
          "defaultValue": {},
          "type": "Object"
        }
      },
      "triggers": {
        "manual": {
          "type": "Request",
          "kind": "Button",
          "inputs": {
            "schema": {
              "type": "object",
              "properties": {
                "file": {
                  "title": "PDF File",
                  "type": "object",
                  "x-ms-dynamically-added": true,
                  "description": "Please select file or image",
                  "x-ms-content-hint": "FILE",
                  "properties": {
                    "name": {
                      "type": "string"
                    },
                    "contentBytes": {
                      "type": "string",
                      "format": "byte"
                    }
                  }
                },
                "text": {
                  "description": "Please enter your input",
                  "title": "Factor Library Prefix",
                  "type": "string",
                  "x-ms-content-hint": "TEXT",
                  "x-ms-dynamically-added": true
                }
              },
              "required": [
                "text"
              ]
            }
          },
          "metadata": {
            "operationMetadataId": "8c66d1cd-ef7f-40fe-88ff-ebdd6b1df984"
          }
        }
      },
      "actions": {
        "Recognize_text_in_an_image_or_a_PDF_document": {
          "type": "OpenApiConnection",
          "inputs": {
            "parameters": {
              "item/requestv2/base64Encoded": "@triggerBody()['file']['contentBytes']"
            },
            "host": {
              "apiId": "/providers/Microsoft.PowerApps/apis/shared_commondataserviceforapps",
              "operationId": "aibuilderpredict_textrecognition",
              "connectionName": "shared_commondataserviceforapps"
            }
          },
          "runAfter": {},
          "metadata": {
            "operationMetadataId": "95ff8e73-fdeb-43ba-9e24-b1ce7f04bcbf",
            "flowSystemMetadata": {
              "portalOperationId": "aibuilderpredict_textrecognition",
              "portalOperationGroup": "aibuilder",
              "portalOperationApiDisplayNameOverride": "AI Builder",
              "portalOperationIconOverride": "https://content.powerapps.com/resource/makerx/static/pauto/images/designeroperations/aiBuilderNew.51dbdb6b.png",
              "portalOperationBrandColorOverride": "#0A76C4",
              "portalOperationApiTierOverride": "Standard"
            }
          }
        },
        "Create_text_with_GPT_using_a_prompt": {
          "type": "OpenApiConnection",
          "inputs": {
            "parameters": {
              "recordId": "1a9ee405-cf4b-48dd-99c9-b648740b7e3a",
              "item/requestv2/text_20of_20the_20content": "@outputs('Recognize_text_in_an_image_or_a_PDF_document')?['body/responsev2/predictionOutput/fullText']"
            },
            "host": {
              "apiId": "/providers/Microsoft.PowerApps/apis/shared_commondataserviceforapps",
              "operationId": "aibuilderpredict_customprompt",
              "connectionName": "shared_commondataserviceforapps"
            }
          },
          "runAfter": {
            "Recognize_text_in_an_image_or_a_PDF_document": [
              "Succeeded"
            ]
          },
          "metadata": {
            "operationMetadataId": "dff000ef-0e0f-4e10-899b-2219a41877c9",
            "flowSystemMetadata": {
              "portalOperationId": "aibuilderpredict_customprompt",
              "portalOperationGroup": "aibuilder",
              "portalOperationApiDisplayNameOverride": "AI Builder",
              "portalOperationIconOverride": "https://content.powerapps.com/resource/makerx/static/pauto/images/designeroperations/aiBuilderNew.51dbdb6b.png",
              "portalOperationBrandColorOverride": "#0A76C4",
              "portalOperationApiTierOverride": "Standard"
            }
          }
        },
        "Parse_Prediction_Output_Text": {
          "type": "ParseJson",
          "inputs": {
            "content": "@body('Parse_Prediction_Output')?['text']",
            "schema": {
              "type": "object",
              "properties": {
                "heading": {
                  "type": "string"
                },
                "extractedContent": {
                  "type": "array",
                  "items": {
                    "type": "object",
                    "properties": {
                      "Item": {
                        "type": "object",
                        "properties": {
                          "value": {
                            "type": "string"
                          },
                          "unit": {
                            "type": "string"
                          }
                        }
                      },
                      "Fuel combusted": {
                        "type": "object",
                        "properties": {
                          "value": {
                            "type": "string"
                          },
                          "unit": {
                            "type": "string"
                          }
                        }
                      },
                      "Energy content factor": {
                        "type": "object",
                        "properties": {
                          "value": {
                            "type": "string"
                          },
                          "unit": {
                            "type": "string"
                          }
                        }
                      },
                      "Emission factor CO2": {
                        "type": "object",
                        "properties": {
                          "value": {
                            "type": "string"
                          },
                          "unit": {
                            "type": "string"
                          }
                        }
                      },
                      "Emission factor CH4": {
                        "type": "object",
                        "properties": {
                          "value": {
                            "type": "string"
                          },
                          "unit": {
                            "type": "string"
                          }
                        }
                      },
                      "Emission factor N2O": {
                        "type": "object",
                        "properties": {
                          "value": {
                            "type": "string"
                          },
                          "unit": {
                            "type": "string"
                          }
                        }
                      }
                    },
                    "required": [
                      "Item",
                      "Fuel combusted",
                      "Energy content factor",
                      "Emission factor CO2",
                      "Emission factor CH4",
                      "Emission factor N2O"
                    ]
                  }
                }
              }
            }
          },
          "runAfter": {
            "Parse_Prediction_Output": [
              "Succeeded"
            ]
          }
        },
        "Check_if_Factor_Library_exists": {
          "type": "If",
          "expression": {
            "and": [
              {
                "equals": [
                  "@length(outputs('List_Calculation_Library_NGER')?['body/value'])",
                  1
                ]
              }
            ]
          },
          "actions": {},
          "else": {
            "actions": {
              "Add_Factor_Library": {
                "type": "OpenApiConnection",
                "inputs": {
                  "parameters": {
                    "entityName": "msdyn_calculationlibraries",
                    "item/msdyn_librarytype": 192350000,
                    "item/msdyn_module@odata.bind": "@outputs('Get_sustainability_module_by_ID')?['body/@odata.id']",
                    "item/msdyn_name": "@concat(triggerBody()?['text'],'-',body('Parse_Prediction_Output_Text')?['heading'])"
                  },
                  "host": {
                    "apiId": "/providers/Microsoft.PowerApps/apis/shared_commondataserviceforapps",
                    "operationId": "CreateRecord",
                    "connectionName": "shared_commondataserviceforapps"
                  }
                },
                "runAfter": {
                  "Get_sustainability_module_by_ID": [
                    "Succeeded"
                  ]
                }
              },
              "Get_sustainability_module_by_ID": {
                "type": "OpenApiConnection",
                "inputs": {
                  "parameters": {
                    "entityName": "msdyn_sustainabilitymodules",
                    "recordId": "82a725d0-a9f7-4c18-992b-600b67c7ac7c"
                  },
                  "host": {
                    "apiId": "/providers/Microsoft.PowerApps/apis/shared_commondataserviceforapps",
                    "operationId": "GetItem",
                    "connectionName": "shared_commondataserviceforapps"
                  }
                }
              }
            }
          },
          "runAfter": {
            "List_Calculation_Library_NGER": [
              "Succeeded"
            ]
          }
        },
        "List_Calculation_Library_NGER": {
          "type": "OpenApiConnection",
          "inputs": {
            "parameters": {
              "entityName": "msdyn_calculationlibraries",
              "$select": "msdyn_name",
              "$filter": "msdyn_name eq '@{concat(triggerBody()?['text'],'-',body('Parse_Prediction_Output_Text')?['heading'])}'",
              "$top": 1
            },
            "host": {
              "apiId": "/providers/Microsoft.PowerApps/apis/shared_commondataserviceforapps",
              "operationId": "ListRecords",
              "connectionName": "shared_commondataserviceforapps"
            }
          },
          "runAfter": {
            "Parse_Prediction_Output_Text": [
              "Succeeded"
            ]
          }
        },
        "Parse_Prediction_Output": {
          "type": "ParseJson",
          "inputs": {
            "content": "@outputs('Create_text_with_GPT_using_a_prompt')?['body/responsev2/predictionOutput']",
            "schema": {
              "type": "object",
              "properties": {
                "@@odata.type": {
                  "type": "string"
                },
                "text": {
                  "type": "string"
                },
                "finishReason": {
                  "type": "string"
                },
                "totalTokens": {
                  "type": "integer"
                },
                "promptTokens": {
                  "type": "integer"
                },
                "completionTokens": {
                  "type": "integer"
                },
                "modelName": {
                  "type": "string"
                }
              }
            }
          },
          "runAfter": {
            "Create_text_with_GPT_using_a_prompt": [
              "Succeeded"
            ]
          }
        },
        "For_each": {
          "type": "Foreach",
          "foreach": "@outputs('Parse_Prediction_Output_Text')?['body']?['extractedContent']",
          "actions": {
            "List_Units_for_GJ": {
              "type": "OpenApiConnection",
              "inputs": {
                "parameters": {
                  "entityName": "msdyn_units",
                  "$select": "msdyn_name",
                  "$filter": "msdyn_name eq  '@{slice(item()?['Energy content factor']?['unit'],0,indexOf(item()?['Energy content factor']?['unit'],'/'))}'"
                },
                "host": {
                  "apiId": "/providers/Microsoft.PowerApps/apis/shared_commondataserviceforapps",
                  "operationId": "ListRecords",
                  "connectionName": "shared_commondataserviceforapps"
                }
              }
            },
            "Add_Emission_Factor": {
              "type": "OpenApiConnection",
              "inputs": {
                "parameters": {
                  "entityName": "msdyn_emissionfactors",
                  "item/msdyn_calculationlibraryId@odata.bind": "@if(greater(length(outputs('List_Calculation_Library_NGER')?['body/value']),0),first(outputs('List_Calculation_Library_NGER')?['body/value'])?['@odata.id'],outputs('Add_Factor_Library')?['body/@odata.id'])",
                  "item/msdyn_name": "@items('For_each')?['Fuel combusted']?['value']",
                  "item/msdyn_unit@odata.bind": "@first(outputs('List_Units_for_GJ')?['body/value'])?['@odata.id']",
                  "item/msdyn_ch4": "@item()?['Emission factor CH4']?['value']",
                  "item/msdyn_ch4unit@odata.bind": "@first(outputs('List_Units_for_KG')?['body/value'])?['@odata.id']",
                  "item/msdyn_co2": "@item()?['Emission factor CO2']?['value']",
                  "item/msdyn_co2unit@odata.bind": "@first(outputs('List_Units_for_KG')?['body/value'])?['@odata.id']",
                  "item/msdyn_description": "@item()?['Energy content factor']?['value']",
                  "item/msdyn_n2o": "@item()?['Emission factor N2O']?['value']",
                  "item/msdyn_n2ounit@odata.bind": "@first(outputs('List_Units_for_KG')?['body/value'])?['@odata.id']"
                },
                "host": {
                  "apiId": "/providers/Microsoft.PowerApps/apis/shared_commondataserviceforapps",
                  "operationId": "CreateRecord",
                  "connectionName": "shared_commondataserviceforapps"
                }
              },
              "runAfter": {
                "List_Units_for_KG": [
                  "Succeeded"
                ]
              }
            },
            "List_Units_for_KG": {
              "type": "OpenApiConnection",
              "inputs": {
                "parameters": {
                  "entityName": "msdyn_units",
                  "$select": "msdyn_name",
                  "$filter": "msdyn_name eq '@{slice(item()?['Emission factor CO2']?['unit'],0,indexOf(item()?['Emission factor CO2']?['unit'],' '))}'"
                },
                "host": {
                  "apiId": "/providers/Microsoft.PowerApps/apis/shared_commondataserviceforapps",
                  "operationId": "ListRecords",
                  "connectionName": "shared_commondataserviceforapps"
                }
              },
              "runAfter": {
                "List_Units_for_GJ": [
                  "Succeeded"
                ]
              }
            }
          },
          "runAfter": {
            "Check_if_Factor_Library_exists": [
              "Succeeded"
            ]
          }
        }
      }
    },
    "templateName": null
  },
  "schemaVersion": "1.0.0.0"
}