{
  "properties": {
    "connectionReferences": {
      "shared_commondataserviceforapps": {
        "api": {
          "name": "shared_commondataserviceforapps"
        },
        "connection": {
          "connectionReferenceLogicalName": "new_sharedcommondataserviceforapps_9be5b"
        },
        "runtimeSource": "embedded"
      }
    },
    "definition": {
      "$schema": "https://schema.management.azure.com/providers/Microsoft.Logic/schemas/2016-06-01/workflowdefinition.json#",
      "contentVersion": "1.0.0.0",
      "parameters": {
        "$authentication": {
          "defaultValue": {},
          "type": "SecureObject"
        },
        "$connections": {
          "defaultValue": {},
          "type": "Object"
        }
      },
      "triggers": {
        "manual": {
          "type": "Request",
          "kind": "Button",
          "inputs": {
            "schema": {
              "type": "object",
              "properties": {
                "file": {
                  "title": "PDF File",
                  "type": "object",
                  "x-ms-dynamically-added": true,
                  "description": "Please select file or image",
                  "x-ms-content-hint": "FILE",
                  "properties": {
                    "name": {
                      "type": "string"
                    },
                    "contentBytes": {
                      "type": "string",
                      "format": "byte"
                    }
                  }
                },
                "text": {
                  "description": "Please enter your input",
                  "title": "Factor Library Prefix",
                  "type": "string",
                  "x-ms-content-hint": "TEXT",
                  "x-ms-dynamically-added": true
                },
                "text_1": {
                  "description": "Please enter your input",
                  "title": "Table Name",
                  "type": "string",
                  "x-ms-content-hint": "TEXT",
                  "x-ms-dynamically-added": true
                }
              },
              "required": [
                "text",
                "text_1"
              ]
            }
          },
          "metadata": {
            "operationMetadataId": "8c66d1cd-ef7f-40fe-88ff-ebdd6b1df984"
          }
        }
      },
      "actions": {
        "Recognize_text_in_an_image_or_a_PDF_document": {
          "type": "OpenApiConnection",
          "inputs": {
            "parameters": {
              "item/requestv2/base64Encoded": "@triggerBody()['file']['contentBytes']"
            },
            "host": {
              "apiId": "/providers/Microsoft.PowerApps/apis/shared_commondataserviceforapps",
              "operationId": "aibuilderpredict_textrecognition",
              "connectionName": "shared_commondataserviceforapps"
            }
          },
          "runAfter": {
            "Parse_Mapping": [
              "Succeeded"
            ]
          },
          "metadata": {
            "operationMetadataId": "95ff8e73-fdeb-43ba-9e24-b1ce7f04bcbf",
            "flowSystemMetadata": {
              "portalOperationId": "aibuilderpredict_textrecognition",
              "portalOperationGroup": "aibuilder",
              "portalOperationApiDisplayNameOverride": "AI Builder",
              "portalOperationIconOverride": "https://content.powerapps.com/resource/makerx/static/pauto/images/designeroperations/aiBuilderNew.51dbdb6b.png",
              "portalOperationBrandColorOverride": "#0A76C4",
              "portalOperationApiTierOverride": "Standard"
            }
          }
        },
        "Create_text_with_GPT_using_a_prompt": {
          "type": "OpenApiConnection",
          "inputs": {
            "parameters": {
              "recordId": "6260dc36-a249-4dcf-9d21-75be4ff648bf",
              "item/requestv2/table_20name": "@triggerBody()?['text_1']",
              "item/requestv2/text_20of_20the_20content": "@outputs('Recognize_text_in_an_image_or_a_PDF_document')?['body/responsev2/predictionOutput/fullText']"
            },
            "host": {
              "apiId": "/providers/Microsoft.PowerApps/apis/shared_commondataserviceforapps",
              "operationId": "aibuilderpredict_customprompt",
              "connectionName": "shared_commondataserviceforapps"
            }
          },
          "runAfter": {
            "Recognize_text_in_an_image_or_a_PDF_document": [
              "Succeeded"
            ]
          },
          "metadata": {
            "operationMetadataId": "dff000ef-0e0f-4e10-899b-2219a41877c9",
            "flowSystemMetadata": {
              "portalOperationId": "aibuilderpredict_customprompt",
              "portalOperationGroup": "aibuilder",
              "portalOperationApiDisplayNameOverride": "AI Builder",
              "portalOperationIconOverride": "https://content.powerapps.com/resource/makerx/static/pauto/images/designeroperations/aiBuilderNew.51dbdb6b.png",
              "portalOperationBrandColorOverride": "#0A76C4",
              "portalOperationApiTierOverride": "Standard"
            }
          }
        },
        "Parse_Prediction_Output_Text": {
          "type": "ParseJson",
          "inputs": {
            "content": "@body('Parse_Prediction_Output')?['text']",
            "schema": {
              "type": "object",
              "properties": {
                "heading": {
                  "type": "string"
                },
                "extractedContent": {
                  "type": "array",
                  "items": {
                    "type": "object",
                    "properties": {
                      "Fuel Type": {
                        "type": "object",
                        "properties": {
                          "value": {
                            "type": "string"
                          },
                          "unit": {
                            "type": "string"
                          }
                        }
                      },
                      "Heat Content (HHV)": {
                        "type": "object",
                        "properties": {
                          "value": {
                            "type": "string"
                          },
                          "unit": {
                            "type": "string"
                          }
                        }
                      },
                      "CO2 Factor": {
                        "type": "object",
                        "properties": {
                          "value": {
                            "type": "string"
                          },
                          "unit": {
                            "type": "string"
                          }
                        }
                      },
                      "CH4 Factor": {
                        "type": "object",
                        "properties": {
                          "value": {
                            "type": "string"
                          },
                          "unit": {
                            "type": "string"
                          }
                        }
                      },
                      "N2O Factor": {
                        "type": "object",
                        "properties": {
                          "value": {
                            "type": "string"
                          },
                          "unit": {
                            "type": "string"
                          }
                        }
                      }
                    },
                    "required": []
                  }
                }
              }
            }
          },
          "runAfter": {
            "Parse_Prediction_Output": [
              "Succeeded"
            ]
          },
          "metadata": {
            "operationMetadataId": "c495262a-f66f-4fc1-bbf7-f3e02488bafa"
          }
        },
        "Check_if_Factor_Library_exists": {
          "type": "If",
          "expression": {
            "and": [
              {
                "equals": [
                  "@length(outputs('List_Calculation_Library')?['body/value'])",
                  1
                ]
              }
            ]
          },
          "actions": {},
          "else": {
            "actions": {
              "Add_Factor_Library": {
                "type": "OpenApiConnection",
                "inputs": {
                  "parameters": {
                    "entityName": "msdyn_calculationlibraries",
                    "item/msdyn_librarytype": 192350000,
                    "item/msdyn_module@odata.bind": "@outputs('Get_sustainability_module_by_ID')?['body/@odata.id']",
                    "item/msdyn_name": "@concat(triggerBody()?['text'],'-',body('Parse_Prediction_Output_Text')?['heading'])"
                  },
                  "host": {
                    "apiId": "/providers/Microsoft.PowerApps/apis/shared_commondataserviceforapps",
                    "operationId": "CreateRecord",
                    "connectionName": "shared_commondataserviceforapps"
                  }
                },
                "runAfter": {
                  "Get_sustainability_module_by_ID": [
                    "Succeeded"
                  ]
                },
                "metadata": {
                  "operationMetadataId": "8831a91f-df00-4ccf-bc16-c3c8ec9e1d1c"
                }
              },
              "Get_sustainability_module_by_ID": {
                "type": "OpenApiConnection",
                "inputs": {
                  "parameters": {
                    "entityName": "msdyn_sustainabilitymodules",
                    "recordId": "82a725d0-a9f7-4c18-992b-600b67c7ac7c"
                  },
                  "host": {
                    "apiId": "/providers/Microsoft.PowerApps/apis/shared_commondataserviceforapps",
                    "operationId": "GetItem",
                    "connectionName": "shared_commondataserviceforapps"
                  }
                },
                "metadata": {
                  "operationMetadataId": "354673ed-418c-4572-bfc1-6c220ab7cd99"
                }
              }
            }
          },
          "runAfter": {
            "List_Calculation_Library": [
              "Succeeded"
            ]
          },
          "metadata": {
            "operationMetadataId": "8c4cf2b5-6dfc-49b0-9e56-0a730139314b"
          }
        },
        "List_Calculation_Library": {
          "type": "OpenApiConnection",
          "inputs": {
            "parameters": {
              "entityName": "msdyn_calculationlibraries",
              "$select": "msdyn_name",
              "$filter": "msdyn_name eq '@{concat(triggerBody()?['text'],'-',body('Parse_Prediction_Output_Text')?['heading'])}'",
              "$top": 1
            },
            "host": {
              "apiId": "/providers/Microsoft.PowerApps/apis/shared_commondataserviceforapps",
              "operationId": "ListRecords",
              "connectionName": "shared_commondataserviceforapps"
            }
          },
          "runAfter": {
            "Filter_Mapping": [
              "Succeeded"
            ]
          },
          "metadata": {
            "operationMetadataId": "52d56241-94f3-4e24-883b-038a0d02e498"
          }
        },
        "Parse_Prediction_Output": {
          "type": "ParseJson",
          "inputs": {
            "content": "@outputs('Create_text_with_GPT_using_a_prompt')?['body/responsev2/predictionOutput']",
            "schema": {
              "type": "object",
              "properties": {
                "@@odata.type": {
                  "type": "string"
                },
                "text": {
                  "type": "string"
                },
                "finishReason": {
                  "type": "string"
                },
                "totalTokens": {
                  "type": "integer"
                },
                "promptTokens": {
                  "type": "integer"
                },
                "completionTokens": {
                  "type": "integer"
                },
                "modelName": {
                  "type": "string"
                }
              }
            }
          },
          "runAfter": {
            "Create_text_with_GPT_using_a_prompt": [
              "Succeeded"
            ]
          },
          "metadata": {
            "operationMetadataId": "22409a05-30a5-460c-8a36-d2fc01c6d80d"
          }
        },
        "For_each": {
          "type": "Foreach",
          "foreach": "@outputs('Parse_Prediction_Output_Text')?['body']['extractedContent']",
          "actions": {
            "List_Units_Product": {
              "type": "OpenApiConnection",
              "inputs": {
                "parameters": {
                  "entityName": "msdyn_units",
                  "$select": "msdyn_name",
                  "$filter": "msdyn_name eq  '@{last(split(item()?[first(outputs('Filter_Mapping')['body'])['unitavailability']]?['unit'],first(outputs('Filter_Mapping')['body'])['unitsplitter']))}'"
                },
                "host": {
                  "apiId": "/providers/Microsoft.PowerApps/apis/shared_commondataserviceforapps",
                  "operationId": "ListRecords",
                  "connectionName": "shared_commondataserviceforapps"
                }
              },
              "metadata": {
                "operationMetadataId": "c3279ce3-6eb7-48a7-8383-2692c7fccf81"
              }
            },
            "Add_Emission_Factor": {
              "type": "OpenApiConnection",
              "inputs": {
                "parameters": {
                  "entityName": "msdyn_emissionfactors",
                  "item/msdyn_calculationlibraryId@odata.bind": "@variables('FactorLibraryName')",
                  "item/msdyn_name": "@variables('EmissionFactorName')",
                  "item/msdyn_unit@odata.bind": "@first(outputs('List_Units_Product')?['body/value'])?['@odata.id']",
                  "item/msdyn_ch4": "@item()?['CH4 Factor']?['value']",
                  "item/msdyn_ch4unit@odata.bind": "@first(outputs('List_Units_for_KG')?['body/value'])?['@odata.id']",
                  "item/msdyn_co2": "@item()?['CO2 Factor']?['value']",
                  "item/msdyn_co2unit@odata.bind": "@first(outputs('List_Units_for_KG')?['body/value'])?['@odata.id']",
                  "item/msdyn_n2o": "@item()?['N2O Factor']?['value']",
                  "item/msdyn_n2ounit@odata.bind": "@first(outputs('List_Units_for_KG')?['body/value'])?['@odata.id']"
                },
                "host": {
                  "apiId": "/providers/Microsoft.PowerApps/apis/shared_commondataserviceforapps",
                  "operationId": "CreateRecord",
                  "connectionName": "shared_commondataserviceforapps"
                }
              },
              "runAfter": {
                "Set_EmissionFactorName": [
                  "Succeeded"
                ]
              },
              "metadata": {
                "operationMetadataId": "d716bd54-ccbe-4a10-9719-112eae45219f"
              }
            },
            "List_Units_for_KG": {
              "type": "OpenApiConnection",
              "inputs": {
                "parameters": {
                  "entityName": "msdyn_units",
                  "$select": "msdyn_name",
                  "$filter": "msdyn_name eq '@{first(split(item()?[first(outputs('Filter_Mapping')['body'])['unitavailability']]?['unit'],first(outputs('Filter_Mapping')['body'])['unitsplitter']))}'"
                },
                "host": {
                  "apiId": "/providers/Microsoft.PowerApps/apis/shared_commondataserviceforapps",
                  "operationId": "ListRecords",
                  "connectionName": "shared_commondataserviceforapps"
                }
              },
              "runAfter": {
                "List_Units_Product": [
                  "Succeeded"
                ]
              },
              "metadata": {
                "operationMetadataId": "417d720a-b203-4033-ab44-3cc4ed9a6395"
              }
            },
            "Set_EmissionFactorName": {
              "type": "SetVariable",
              "inputs": {
                "name": "EmissionFactorName",
                "value": "@if(empty(item()?[first(outputs('Filter_Mapping')['body'])['name2']]?['value']),item()?[first(outputs('Filter_Mapping')['body'])['name']]?['value'],concat(item()?[first(outputs('Filter_Mapping')['body'])['name']]?['value'],' ',item()?[first(outputs('Filter_Mapping')['body'])['name2']]?['value']))"
              },
              "runAfter": {
                "List_Units_for_KG": [
                  "Succeeded"
                ]
              },
              "metadata": {
                "operationMetadataId": "89c8f2b4-2870-4cd9-86b8-ac382e2a9fad"
              }
            },
            "Add_Factor_mapping": {
              "type": "OpenApiConnection",
              "inputs": {
                "parameters": {
                  "entityName": "msdyn_emissionlookups",
                  "item/msdyn_calculationlibraryid@odata.bind": "@variables('FactorLibraryName')",
                  "item/msdyn_name": "@variables('EmissionFactorName')",
                  "item/msdyn_factorid_emissionfactor@odata.bind": "@outputs('Add_Emission_Factor')?['body/@odata.id']",
                  "item/msdyn_referencedataid_msdyn_fueltype@odata.bind": "@if(equals(first(outputs('Filter_Mapping')['body'])['RefData1'],'msdyn_fueltypes'),first(outputs('List_Matched_Reference_Value')?['body/value'])?['@odata.id'],'')",
                  "item/msdyn_referencedataid_msdyn_vehicletype@odata.bind": "@if(equals(first(outputs('Filter_Mapping')['body'])['RefData1'],'msdyn_vehicletypes'),first(outputs('List_Matched_Reference_Value')?['body/value'])?['@odata.id'],'')"
                },
                "host": {
                  "apiId": "/providers/Microsoft.PowerApps/apis/shared_commondataserviceforapps",
                  "operationId": "CreateRecord",
                  "connectionName": "shared_commondataserviceforapps"
                }
              },
              "runAfter": {
                "List_Matched_Reference_Value": [
                  "Succeeded"
                ]
              },
              "metadata": {
                "operationMetadataId": "de3a4236-b6ab-46a8-80ec-84942f297ed6"
              }
            },
            "GPT-_Find_matching_Reference_value": {
              "type": "OpenApiConnection",
              "inputs": {
                "parameters": {
                  "recordId": "572f57a7-7a8f-49fc-adb4-331e02c509a6",
                  "item/requestv2/inputText": "@concat('The given text is <',variables('EmissionFactorName'), '>. Identify the top 1 match in this comma separated list of values to the given text. ',join(variables('ReferenceValues'),',') , ' Analyze the key themes and context of the given text and identity top match. Respond with this format within square brackets [word1]. Example-The top match for the given word is [word1]' )"
                },
                "host": {
                  "apiId": "/providers/Microsoft.PowerApps/apis/shared_commondataserviceforapps",
                  "operationId": "aibuilderpredict_customprompt",
                  "connectionName": "shared_commondataserviceforapps"
                }
              },
              "runAfter": {
                "For_each_1": [
                  "Succeeded"
                ]
              },
              "metadata": {
                "flowSystemMetadata": {
                  "portalOperationId": "aibuilderpredict_customprompt",
                  "portalOperationGroup": "aibuilder",
                  "portalOperationApiDisplayNameOverride": "AI Builder",
                  "portalOperationIconOverride": "https://content.powerapps.com/resource/makerx/static/pauto/images/designeroperations/aiBuilderNew.51dbdb6b.png",
                  "portalOperationBrandColorOverride": "#0A76C4",
                  "portalOperationApiTierOverride": "Standard"
                },
                "operationMetadataId": "3b6e73e5-e001-41a0-b2b1-e08ab3f4aac0"
              }
            },
            "List_Reference": {
              "type": "OpenApiConnection",
              "inputs": {
                "parameters": {
                  "entityName": "@first(outputs('Filter_Mapping')['body'])['RefData1']",
                  "$select": "msdyn_name",
                  "$filter": "@concat('contains(msdyn_name,''',first(split(variables('EmissionFactorName'),' ')),''')')"
                },
                "host": {
                  "apiId": "/providers/Microsoft.PowerApps/apis/shared_commondataserviceforapps",
                  "operationId": "ListRecords",
                  "connectionName": "shared_commondataserviceforapps"
                }
              },
              "runAfter": {
                "Add_Emission_Factor": [
                  "Succeeded"
                ]
              },
              "metadata": {
                "operationMetadataId": "49541fa3-dbf2-4355-a093-84c40f74f634"
              }
            },
            "For_each_1": {
              "type": "Foreach",
              "foreach": "@outputs('List_Reference')?['body/value']",
              "actions": {
                "Append_Reference_Values_Array": {
                  "type": "AppendToArrayVariable",
                  "inputs": {
                    "name": "ReferenceValues",
                    "value": "@item()?['msdyn_name']"
                  }
                }
              },
              "runAfter": {
                "List_Reference": [
                  "Succeeded"
                ]
              },
              "metadata": {
                "operationMetadataId": "cf1c1957-f192-40b5-a987-8ad7e03ec301"
              }
            },
            "List_Matched_Reference_Value": {
              "type": "OpenApiConnection",
              "inputs": {
                "parameters": {
                  "entityName": "@first(outputs('Filter_Mapping')['body'])['RefData1']",
                  "$select": "msdyn_name",
                  "$filter": "msdyn_name eq '@{slice(outputs('GPT-_Find_matching_Reference_value')?['body/responsev2/predictionOutput/text'],add(indexOf(outputs('GPT-_Find_matching_Reference_value')?['body/responsev2/predictionOutput/text'],'['),1),indexOf(outputs('GPT-_Find_matching_Reference_value')?['body/responsev2/predictionOutput/text'],']'))}'"
                },
                "host": {
                  "apiId": "/providers/Microsoft.PowerApps/apis/shared_commondataserviceforapps",
                  "operationId": "ListRecords",
                  "connectionName": "shared_commondataserviceforapps"
                }
              },
              "runAfter": {
                "GPT-_Find_matching_Reference_value": [
                  "Succeeded"
                ]
              }
            },
            "Set_ReferenceValues_to_Empty_Array": {
              "type": "SetVariable",
              "inputs": {
                "name": "ReferenceValues",
                "value": []
              },
              "runAfter": {
                "Add_Factor_mapping": [
                  "SUCCEEDED"
                ]
              }
            }
          },
          "runAfter": {
            "Initialize_ReferenceValues": [
              "SUCCEEDED"
            ]
          },
          "metadata": {
            "operationMetadataId": "6f746f9c-45f4-4f2a-bf04-d91fe0d0dd71"
          }
        },
        "Filter_Mapping": {
          "type": "Query",
          "inputs": {
            "from": "@body('Parse_Mapping')?['mappingrule']",
            "where": "@equals(item()?['heading'],body('Parse_Prediction_Output_Text')?['heading'])"
          },
          "runAfter": {
            "Parse_Prediction_Output_Text": [
              "Succeeded"
            ]
          },
          "metadata": {
            "operationMetadataId": "c0fb58a6-1475-47bc-bb92-3b5f65d58106"
          }
        },
        "Compose_Mapping_Rules": {
          "type": "Compose",
          "inputs": {
            "mappingrule": [
              {
                "heading": "Stationary Combustion",
                "tablename": "Table 1",
                "unitavailability": "CO2 Factor",
                "unitsplitter": " CO2 per ",
                "name": "Fuel Type",
                "name2": "",
                "RefData1": "msdyn_fueltypes"
              },
              {
                "heading": "Mobile Combustion CO2",
                "tablename": "Table 2",
                "unitavailability": "CO2 Factor",
                "unitsplitter": " CO2 per ",
                "name": "Fuel Type",
                "name2": "",
                "RefData1": "msdyn_fueltypes"
              },
              {
                "heading": "Mobile Combustion CH4 and N2O for On-Road Gasoline Vehicles",
                "tablename": "Table 3",
                "unitavailability": "CH4 Factor",
                "unitsplitter": " CH4 / vehicle-",
                "name": "Vehicle Type",
                "name2": "Model Year",
                "RefData1": "msdyn_vehicletypes"
              }
            ]
          },
          "runAfter": {},
          "metadata": {
            "operationMetadataId": "5228d5c1-419d-4977-8ac8-06513bc0e3ca"
          }
        },
        "Parse_Mapping": {
          "type": "ParseJson",
          "inputs": {
            "content": "@outputs('Compose_Mapping_Rules')",
            "schema": {
              "type": "object",
              "properties": {
                "mappingrule": {
                  "type": "array",
                  "items": {
                    "type": "object",
                    "properties": {
                      "heading": {
                        "type": "string"
                      },
                      "tablename": {
                        "type": "string"
                      },
                      "unitavailability": {
                        "type": "string"
                      },
                      "unitsplitter": {
                        "type": "string"
                      }
                    },
                    "required": [
                      "heading",
                      "tablename",
                      "unitavailability",
                      "unitsplitter"
                    ]
                  }
                }
              }
            }
          },
          "runAfter": {
            "Compose_Mapping_Rules": [
              "Succeeded"
            ]
          },
          "metadata": {
            "operationMetadataId": "8eeed7a5-8265-4144-a723-4b8a0a529a54"
          }
        },
        "Initialize_FactorLibraryName": {
          "type": "InitializeVariable",
          "inputs": {
            "variables": [
              {
                "name": "FactorLibraryName",
                "type": "string",
                "value": "@if(greater(length(outputs('List_Calculation_Library')?['body/value']),0),first(outputs('List_Calculation_Library')?['body/value'])?['@odata.id'],outputs('Add_Factor_Library')?['body/@odata.id'])"
              }
            ]
          },
          "runAfter": {
            "Check_if_Factor_Library_exists": [
              "Succeeded"
            ]
          },
          "metadata": {
            "operationMetadataId": "68c21549-1808-41c6-802d-af16fdf3b16a"
          }
        },
        "Initialize_EmissionFactorName": {
          "type": "InitializeVariable",
          "inputs": {
            "variables": [
              {
                "name": "EmissionFactorName",
                "type": "string"
              }
            ]
          },
          "runAfter": {
            "Initialize_FactorLibraryName": [
              "Succeeded"
            ]
          },
          "metadata": {
            "operationMetadataId": "c9bd4e7b-e9cf-4c47-9269-e778dcb8e2f7"
          }
        },
        "Initialize_ReferenceValues": {
          "type": "InitializeVariable",
          "inputs": {
            "variables": [
              {
                "name": "ReferenceValues",
                "type": "array",
                "value": []
              }
            ]
          },
          "runAfter": {
            "Initialize_EmissionFactorName": [
              "Succeeded"
            ]
          },
          "metadata": {
            "operationMetadataId": "0c3ea10e-f1d6-452a-9c03-32dbb8775c36"
          }
        }
      }
    },
    "templateName": null
  },
  "schemaVersion": "1.0.0.0"
}